"","termcount","grouping","keyword"
"1",1963,"all","magnetic_field"
"2",1146,"all","cross_section"
"3",875,"all","best_fit"
"4",791,"all","phase_diagram"
"5",756,"all","ground_state"
"6",708,"all","standard_deviation"
"7",679,"all","time_evolution"
"8",636,"all","function_time"
"9",593,"all","monte_carlo"
"10",578,"all","cross_sections"
"11",576,"all","power_spectrum"
"12",547,"all","stellar_mass"
"13",497,"all","power_law"
"14",468,"all","temperature_dependence"
"15",455,"all","electric_field"
"16",454,"all","initial_conditions"
"17",441,"all","gev_gev"
"18",435,"all","dark_matter"
"19",434,"all","function_temperature"
"20",409,"all","correlation_function"
"21",407,"all","parameter_space"
"22",397,"all","open_symbols"
"23",383,"all","invariant_mass"
"24",379,"all","star_formation"
"25",378,"all","chemical_potential"
"26",368,"all","open_squares"
"27",367,"all","angular_momentum"
"28",360,"all","density_states"
"29",354,"all","surface_brightness"
"30",351,"all","phase_transition"
"31",345,"all","time_series"
"32",342,"all","probability_distribution"
"33",340,"all","phi_phi"
"34",325,"all","energy_density"
"35",311,"all","logarithmic_scale"
"36",308,"all","order_parameter"
"37",307,"all","unit_cell"
"38",306,"all","phase_space"
"39",298,"all","schematic_representation"
"40",298,"all","surface_density"
"41",296,"all","number_density"
"42",294,"all","boundary_conditions"
"43",293,"all","total_number"
"44",286,"all","distribution_function"
"45",286,"all","free_energy"
"46",285,"all","band_structure"
"47",284,"all","kinetic_energy"
"48",284,"all","contour_levels"
"49",284,"all","linear_fit"
"50",277,"all","velocity_dispersion"
"51",277,"all","probability_density"
"52",277,"all","mjy_beam"
"53",276,"all","density_profile"
"54",273,"all","omega__omega_"
"55",272,"all","mass_function"
"56",271,"all","power_spectra"
"57",269,"all","real_part"
"58",268,"all","model_parameters"
"59",267,"all","magnetic_fields"
"60",267,"all","function_number"
"61",262,"all","flux_density"
"62",251,"all","positive_negative"
"63",246,"all","system_size"
"64",245,"all","transverse_momentum"
"65",243,"all","initial_state"
"66",242,"all","guide_eye"
"67",242,"all","radial_velocity"
"68",241,"all","density_function"
"69",228,"all","field_strength"
"70",227,"all","mass_distribution"
"71",225,"all","higgs_boson"
"72",223,"all","imaginary_part"
"73",222,"all","mev_mev"
"74",222,"all","initial_condition"
"75",220,"all","north_east"
"76",218,"all","energy_spectrum"
"77",218,"all","schematic_diagram"
"78",218,"all","eta_eta"
"79",217,"all","optical_depth"
"80",216,"all","spectral_index"
"81",215,"all","along_direction"
"82",212,"all","function_distance"
"83",211,"all","density_profiles"
"84",211,"all","feynman_diagrams"
"85",209,"all","specific_heat"
"86",207,"all","energy_levels"
"87",206,"all","experimental_setup"
"88",204,"all","density_distribution"
"89",204,"all","energy_distribution"
"90",202,"all","open_triangles"
"91",201,"all","differential_cross"
"92",199,"all","final_state"
"93",197,"all","total_energy"
"94",197,"all","numerical_solution"
"95",197,"all","function_redshift"
"96",196,"all","halo_mass"
"97",193,"all","steady_state"
"98",193,"all","growth_rate"
"99",193,"all","wave_function"
"100",191,"all","ket_ket"
"101",2049,"not_ml","magnetic_field"
"102",1224,"not_ml","cross_section"
"103",915,"not_ml","best_fit"
"104",781,"not_ml","ground_state"
"105",761,"not_ml","phase_diagram"
"106",714,"not_ml","standard_deviation"
"107",697,"not_ml","function_time"
"108",643,"not_ml","time_evolution"
"109",605,"not_ml","power_spectrum"
"110",598,"not_ml","cross_sections"
"111",583,"not_ml","monte_carlo"
"112",531,"not_ml","temperature_dependence"
"113",513,"not_ml","power_law"
"114",484,"not_ml","stellar_mass"
"115",462,"not_ml","initial_conditions"
"116",444,"not_ml","electric_field"
"117",429,"not_ml","dark_matter"
"118",427,"not_ml","parameter_space"
"119",395,"not_ml","open_symbols"
"120",393,"not_ml","correlation_function"
"121",390,"not_ml","gev_gev"
"122",389,"not_ml","angular_momentum"
"123",382,"not_ml","function_temperature"
"124",381,"not_ml","invariant_mass"
"125",370,"not_ml","open_squares"
"126",369,"not_ml","star_formation"
"127",364,"not_ml","phi_phi"
"128",362,"not_ml","energy_density"
"129",360,"not_ml","time_series"
"130",356,"not_ml","density_states"
"131",343,"not_ml","surface_brightness"
"132",339,"not_ml","unit_cell"
"133",339,"not_ml","chemical_potential"
"134",324,"not_ml","distribution_function"
"135",323,"not_ml","phase_transition"
"136",316,"not_ml","order_parameter"
"137",316,"not_ml","boundary_conditions"
"138",311,"not_ml","logarithmic_scale"
"139",306,"not_ml","surface_density"
"140",302,"not_ml","mass_function"
"141",300,"not_ml","omega__omega_"
"142",295,"not_ml","kinetic_energy"
"143",295,"not_ml","power_spectra"
"144",294,"not_ml","probability_distribution"
"145",294,"not_ml","free_energy"
"146",293,"not_ml","schematic_representation"
"147",288,"not_ml","velocity_dispersion"
"148",286,"not_ml","radial_velocity"
"149",281,"not_ml","function_number"
"150",279,"not_ml","total_number"
"151",275,"not_ml","number_density"
"152",271,"not_ml","probability_density"
"153",265,"not_ml","guide_eye"
"154",262,"not_ml","transverse_momentum"
"155",260,"not_ml","linear_fit"
"156",258,"not_ml","phase_space"
"157",257,"not_ml","contour_levels"
"158",256,"not_ml","mass_distribution"
"159",254,"not_ml","real_part"
"160",249,"not_ml","band_structure"
"161",244,"not_ml","initial_state"
"162",242,"not_ml","density_profile"
"163",241,"not_ml","imaginary_part"
"164",239,"not_ml","feynman_diagrams"
"165",234,"not_ml","mjy_beam"
"166",233,"not_ml","model_parameters"
"167",231,"not_ml","system_size"
"168",231,"not_ml","schematic_diagram"
"169",230,"not_ml","magnetic_fields"
"170",229,"not_ml","flux_density"
"171",228,"not_ml","function_redshift"
"172",228,"not_ml","along_direction"
"173",226,"not_ml","mev_mev"
"174",226,"not_ml","field_strength"
"175",226,"not_ml","energy_spectrum"
"176",225,"not_ml","positive_negative"
"177",224,"not_ml","absolute_value"
"178",222,"not_ml","density_function"
"179",222,"not_ml","numerical_solution"
"180",221,"not_ml","optical_depth"
"181",219,"not_ml","spectral_index"
"182",217,"not_ml","density_profiles"
"183",214,"not_ml","eta_eta"
"184",213,"not_ml","brillouin_zone"
"185",212,"not_ml","north_east"
"186",210,"not_ml","final_state"
"187",209,"not_ml","wave_function"
"188",208,"not_ml","form_factor"
"189",208,"not_ml","fermi_surface"
"190",207,"not_ml","steady_state"
"191",206,"not_ml","time_step"
"192",205,"not_ml","open_triangles"
"193",202,"not_ml","velocity_field"
"194",201,"not_ml","initial_condition"
"195",198,"not_ml","vert_vert"
"196",196,"not_ml","ground_truth"
"197",196,"not_ml","differential_cross"
"198",196,"not_ml","higgs_boson"
"199",195,"not_ml","energy_levels"
"200",194,"not_ml","mean_value"
"201",4701,"ml","ground_truth"
"202",2880,"ml","input_images"
"203",2055,"ml","features_maps"
"204",1941,"ml","bounding_boxes"
"205",1843,"ml","original_images"
"206",1170,"ml","convolutional_layers"
"207",827,"ml","examples_images"
"208",821,"ml","saliency_maps"
"209",789,"ml","neural_network"
"210",775,"ml","test_images"
"211",723,"ml","network_architecture"
"212",692,"ml","sample_images"
"213",659,"ml","depth_maps"
"214",655,"ml","standard_deviation2"
"215",648,"ml","images_images"
"216",648,"ml","optical_flow"
"217",607,"ml","face_images"
"218",562,"ml","rgb_images"
"219",551,"ml","fully_connected"
"220",541,"ml","images_ground"
"221",534,"ml","semantic_segmentation"
"222",506,"ml","failure_cases"
"223",486,"ml","attention_maps"
"224",475,"ml","training_images"
"225",472,"ml","images_generated"
"226",470,"ml","object_detection"
"227",465,"ml","pose_estimation"
"228",454,"ml","images_input"
"229",452,"ml","pascal_voc"
"230",449,"ml","connected_layers"
"231",448,"ml","model_trained"
"232",424,"ml","gaussian_noise"
"233",416,"ml","confusion_matrix"
"234",405,"ml","convolution_layers"
"235",399,"ml","false_positives"
"236",396,"ml","query_images"
"237",374,"ml","classification_accuracy"
"238",366,"ml","real_images"
"239",364,"ml","features_extraction"
"240",358,"ml","depth_images"
"241",351,"ml","target_images"
"242",350,"ml","reference_images"
"243",343,"ml","generated_images"
"244",337,"ml","network_trained"
"245",337,"ml","psnr_ssim"
"246",335,"ml","pooling_layers"
"247",320,"ml","state-of-the-art_methods"
"248",316,"ml","images_features"
"249",312,"ml","features_space"
"250",306,"ml","convolutional_neural"
"251",302,"ml","false_positive"
"252",296,"ml","heat_maps"
"253",295,"ml","video_frames"
"254",285,"ml","training_samples"
"255",278,"ml","reconstructed_images"
"256",277,"ml","segmentation_result"
"257",276,"ml","synthetic_images"
"258",271,"ml","images_original"
"259",269,"ml","features_extracted"
"260",268,"ml","loss_function"
"261",263,"ml","maps_generated"
"262",262,"ml","style_transfer"
"263",262,"ml","average_precision"
"264",261,"ml","noise_level"
"265",254,"ml","noisy_images"
"266",252,"ml","images_segmentation"
"267",249,"ml","models_trained"
"268",249,"ml","source_images"
"269",248,"ml","function_number2"
"270",246,"ml","fully-connected_layers"
"271",245,"ml","time_step"
"272",244,"ml","features_vector"
"273",242,"ml","randomly_selected"
"274",242,"ml","images_patches"
"275",240,"ml","disparity_maps"
"276",236,"ml","receptive_field"
"277",235,"ml","dataset_images"
"278",235,"ml","images_pairs"
"279",232,"ml","images_methods"
"280",231,"ml","baseline_methods"
"281",230,"ml","images_pair"
"282",229,"ml","kernel_size"
"283",229,"ml","standard_deviations"
"284",228,"ml","images_dataset"
"285",223,"ml","positive_negative2"
"286",222,"ml","precision_recall"
"287",221,"ml","training_testing"
"288",219,"ml","visual_features"
"289",217,"ml","number_iterations"
"290",217,"ml","images_examples"
"291",216,"ml","single_images"
"292",214,"ml","reconstruction_error"
"293",214,"ml","light_field"
"294",212,"ml","block_diagram"
"295",212,"ml","convolutional_network"
"296",210,"ml","truth_images"
"297",208,"ml","body_parts"
"298",207,"ml","fully_convolutional"
"299",204,"ml","network_structure"
"300",202,"ml","images_taken"
